"built_work_site_primary_key","site_name_pinyin","site_name2_traditional","site_name3_simplified","iri_local_name","modified","dont_use_site_name_zh-Hans","dont_use_site_name_zh-Latn-pinyin","site_name_en","site_main_image","site_geonames_id","site_getty_togn_id","earliest_period_zn-Hans","earliest_period_en","earliest_period_iri","latest_period_zn-Hans","latest_period_en","latest_period_iri","site_date_verbatim_zn-Hans","site_date_en","location_zn-Hans","province_name_zn-Hans","province_name_zn-Hant","province_name_zh-latn-pinyin","province_zn-Hans","province_zn-Hant","county-city_name_zn-Hans","political subdivision_zn-Hans","county-city_name_zh-latn-pinyin","political subdivision_en","political_subdivision_getty_tgn","subdivision_getty_aat_type","locality_zn-Hans","political subdivision2_zn-Hans","Geo_note","county-city_verbatim_zn-Hans","locality_en","locality_geonames_id","locality_getty_togn_id","Note"
"000001","Anchansi","安禪寺","安禅寺","Anchansi","2017-04-03T21:42:00-05:00","安禅寺","Anchansi","Anchan Monastery","https://farm5.staticflickr.com/4114/4818773384_95d97c1a77_z.jpg",,,"宋","Song","http://n2t.net/ark:/99152/p0fp7wvjvn8","明","Ming","http://n2t.net/ark:/99152/p0fp7wv2s8c","宋至明","Song to Ming","山西省太谷县","山西","山西","Shanxi","山西省","山西省","太谷","县","Taigu","County","8677393","300387198",,,,"太谷县","Taiguxian",,,
"000002","Baitaisi","白臺寺","白台寺","Baitaisi","2017-04-03T21:42:00-05:00","白台寺","Baitaisi","Baitai Monastery","https://farm5.staticflickr.com/4073/4831069771_14fcd97cc0_z.jpg",,,"金","Jin","http://n2t.net/ark:/99152/p0fp7wvmghn","清","Qing","http://n2t.net/ark:/99152/p0fp7wvrjpj","金至清","Jin to Qing","山西省新绛县","山西","山西","Shanxi","山西省","山西省","新绛","县","Xinjiang","County","8675152","300387198",,,,"新绛县",,,,
"000003","Baiyugong","白玉宮","白玉宫","Baiyugong","2017-04-03T21:42:00-05:00","白玉宫","Baiyugong","Baiyu Palace",,,,"金","Jin","http://n2t.net/ark:/99152/p0fp7wvmghn","清","Qing","http://n2t.net/ark:/99152/p0fp7wvtqp9","金至清","Jin to Qing","山西省陵川县","山西","山西","Shanxi","山西省","山西省","陵川","县","Lingchuan","County","8623563","300387198",,,,"陵川县","Ling State, Lingchuan County",,,
"000004","Baoguosi","保國寺","保国寺","Baoguosi","2017-04-03T21:42:00-05:00","保国寺","Baoguosi","Baoguo Monastery","https://farm5.staticflickr.com/4608/40280520912_014e34d84c_z.jpg",,,"东汉","Eastern Han","http://n2t.net/ark:/99152/p0fp7wv8644","民国","Republic of China","http://n2t.net/ark:/99152/p0fp7wv6f2v","东汉至民国","Eastern Han to Republic of China","浙江省宁波市","浙江","浙江","Zhejiang","浙江省","浙江省","宁波","市","Ningbo","City","8630826","300387145",,,,"宁波市",,,,
"000005","Beijixiangsi","北吉祥寺","北吉祥寺","Beijixiangsi","2017-04-03T21:42:00-05:00","北吉祥寺","Beijixiangsi","North Jixiang Monastery",,,,"宋","Song","http://n2t.net/ark:/99152/p0fp7wvjvn8","清","Qing","http://n2t.net/ark:/99152/p0fp7wvtqp9","宋－清","Song to Qing","山西省陵川县","山西","山西","Shanxi","山西省","山西省","陵川","县","Lingchuan","County","8623563","300387198","禮義","镇",,"陵川县禮義",,,,"https://zh.wikipedia.org/zh-hans/北吉祥寺"
"000006","Beiyicheng Yuhuangmiao","北義城玉皇廟","北义城玉皇庙","Beiyicheng_Yuhuangmiao","2017-04-03T21:42:00-05:00","北义城玉皇庙","Beiyicheng Yuhuangmiao","Yuhuang Temple in Beiyicheng","https://farm4.staticflickr.com/3026/3972146865_b5a30fe404_z.jpg",,,"宋","Song","http://n2t.net/ark:/99152/p0fp7wvjvn8","清","Qing","http://n2t.net/ark:/99152/p0fp7wvtqp9","宋至清","Song to Qing","山西省泽州县","山西","山西","Shanxi","山西省","山西省","泽州","县",,"County",,,,,,"泽州县",,,,
"000007","Bucun Yuhuangmiao","布村玉皇廟","布村玉皇庙","Bucun_Yuhuangmiao","2017-04-03T21:42:00-05:00","布村玉皇庙","Bucun Yuhuangmiao","Yuhuang Temple in Bucun","https://farm5.staticflickr.com/4103/4831558221_a8ab2f8ed1_z.jpg",,,"五代","Five Dynasties","http://n2t.net/ark:/99152/p0fp7wv5h26","金","Jin","http://n2t.net/ark:/99152/p0fp7wvmghn","五代，金","Five Dynasties to Jin","山西省长治市","山西","山西","Shanxi","山西省","山西省","长治","市","Changzhi","City","8206366","300387198","长子","县","布村","村",,,,
"000008","Buersi","不二寺","不二寺","Buersi","2017-04-03T21:42:00-05:00","不二寺","Buersi","Buer Monastery",,,,"金","Jin","http://n2t.net/ark:/99152/p0fp7wvmghn","金","Jin","http://n2t.net/ark:/99152/p0fp7wvmghn","金","Jin","山西省阳曲县","山西","山西","Shanxi","山西省","山西省","阳曲","县","Yangqu Zhen","County","8675188","300387199",,,,"阳曲县",,,,
"000009","Changzhi Zhengjuesi","長治正覺寺","长治正觉寺","Zhengjuesi","2017-04-03T21:42:00-05:00","正觉寺","Zhengjuesi","Zhengjue Monastery in Changzhi ",,,,"金","Jin","http://n2t.net/ark:/99152/p0fp7wvmghn","明","Ming","http://n2t.net/ark:/99152/p0fp7wv2s8c","金至明","Jin to Ming","山西省长治县","山西","山西","Shanxi","山西省","山西省","长治","县",,"County",,,,,,"长治县",,,,
"000010","Chengtangmiao","成湯廟","成汤庙","Chengtangmiao","2017-04-03T21:42:00-05:00","成汤庙山门","Chengtangmiao","Chengtang Temple",,,,"金","Jin","http://n2t.net/ark:/99152/p0fp7wvmghn","金","Jin","http://n2t.net/ark:/99152/p0fp7wvmghn","金 1164","Jin","河北省邯鄲涉县","河北","河北","Hebei","河北省","河北省","邯鄲","市",,"City",,,"涉","县",,"邯鄲涉县",,,," "
"000011","Chongfusi","崇福寺","崇福寺","Chongfusi","2017-04-03T21:42:00-05:00","崇福寺弥陀殿","Chongfusi","Chongfu Monastery",,,,"金","Jin","http://n2t.net/ark:/99152/p0fp7wvmghn","金","Jin","http://n2t.net/ark:/99152/p0fp7wvmghn","金","Jin","山西省朔县","山西","山西","Shanxi","山西省","山西省","朔","县",,"County",,,,,,"朔县",,,,
"000012","Chongjiaosi","崇教寺","崇教寺","Chongjiaosi","2017-04-03T21:42:00-05:00","崇教寺正殿","Chongjiaosi","Chongjiao Monastery","https://farm5.staticflickr.com/4120/4809575395_4f79b20a92_z.jpg",,,"宋","Song","http://n2t.net/ark:/99152/p0fp7wvjvn8","金","Jin","http://n2t.net/ark:/99152/p0fp7wvmghn","宋金","Song to Jin","山西省长治市","山西","山西","Shanxi","山西省","山西省","长治","市","Changzhi","City","8206366","300387198","马厂","镇","故驿村","马厂镇故驿村","Changzhi Municipality Guyicun",,,
"000013","Chongmingsi","崇明寺","崇明寺","Chongmingsi","2017-04-03T21:42:00-05:00","崇明寺","Chongmingsi","Chongming Monastery",,,,"北宋","Northern Song","http://n2t.net/ark:/99152/p0fp7wvjvn8","明","Ming","http://n2t.net/ark:/99152/p0fp7wv2s8c","北宋至明","Northern Song to Ming","山西省高平市","山西","山西","Shanxi","山西省","山西省","高平","市","Gaoping","City","8206832","300387198",,,,"高平市",,,,
"000014","Chongqingsi","崇慶寺","崇庆寺","Chongqingsi","2017-04-03T21:42:00-05:00","崇庆寺","Chongqingsi","Chongqing Monastery","https://farm5.staticflickr.com/4081/4821743209_a70bbdd8c6_z.jpg",,,"宋","Song","http://n2t.net/ark:/99152/p0fp7wvjvn8","宋","Song","http://n2t.net/ark:/99152/p0fp7wv9x7n","宋","Song","山西省长子县","山西","山西","Shanxi","山西省","山西省","长子","县 ","Zhangzi","County","8677997","300387198","色头","镇",,"长子县 (长子县色头镇)","Zhangzixian setouzhen",,,
"000015","Chunhuasi","淳化寺","淳化寺","Chunhuasi","2017-04-03T21:42:00-05:00","淳化寺","Chunhuasi","Chunhua Monastery","https://farm5.staticflickr.com/4108/4834867030_bc5827154b_z.jpg",,,"金","Jin","http://n2t.net/ark:/99152/p0fp7wvmghn","金","Jin","http://n2t.net/ark:/99152/p0fp7wvmghn","金","Jin","山西省平顺县","山西","山西","Shanxi","山西省","山西省","平顺","县","Pingshun","County","8618711","300387198",,,,"平顺县",,,,
"000016","Cixiangsi","慈相寺","慈相寺","Cixiangsi","2017-04-03T21:42:00-05:00","慈相寺","Cixiangsi","Cixiang Monastery",,,,"北宋","Northern Song","http://n2t.net/ark:/99152/p0fp7wvjvn8","清","Qing","http://n2t.net/ark:/99152/p0fp7wvtqp9","北宋至清","Northern Song to Qing","山西省平遥县","山西","山西","Shanxi","山西省","山西省","平遥","县","Pingyao","County","8619493","300387198",,,,"平遥县",,,,
"000017","Cuifujunmiao","崔府君廟","崔府君庙","Cuifujunmiao","2017-04-03T21:42:00-05:00","崔府君庙","Cuifujunmiao","Cuifujun Temple","https://farm4.staticflickr.com/3439/3972146193_1867d3e1bf_z.jpg",,,"金","Jin","http://n2t.net/ark:/99152/p0fp7wvmghn","清","Qing","http://n2t.net/ark:/99152/p0fp7wvtqp9","金至清","Jin to Qing","山西省陵川县","山西","山西","Shanxi","山西省","山西省","陵川","县","Lingchuan","County","8623563","300387198",,,,"陵川县",,,,
"000018","Quwo Dabeiyuan","曲沃大悲院","曲沃大悲院","Quwo_Dabeiyuan","2017-04-03T21:42:00-05:00","曲沃大悲院过殿","Quwo Dabeiyuan","Dabei Cloister in Quwo","https://farm5.staticflickr.com/4154/4837935563_c0d5286bdd_z.jpg",,,"金","Jin","http://n2t.net/ark:/99152/p0fp7wvmghn","金","Jin","http://n2t.net/ark:/99152/p0fp7wvmghn","金","Jin","山西省临汾市","山西","山西","Shanxi","山西省","山西省","临汾","市","Linfen","City","8622739","300387145","曲沃","县","曲村镇曲村中","曲村镇曲村中","Quwo_Qucunzhen_Qucun_zhong",,,
"000019","Damiao","大廟","大庙","Damiao","2017-04-03T21:42:00-05:00","大庙飞来殿","Damiao","Great Temple",,,,"宋","Song","http://n2t.net/ark:/99152/p0fp7wvjvn8","元","Yuan","http://n2t.net/ark:/99152/p0fp7wvvrz5","宋至元: 993 or 1327 see: ZGMSCD, p. 922","Song to Yuan","四川省峨眉县","四川","四川","Sichuan","四川省","四川省","峨眉","县",,"County",,,,,,"峨眉县",,,,"993 or 1327 see: ZGMSCD, p. 922"
"000020","Dayunyuan","大雲院","大云院","Dayunyuan","2017-04-03T21:42:00-05:00","大云院","Dayunyuan","Dayun Cloister","https://farm5.staticflickr.com/4798/40758358071_bdd1017231_z.jpg",,,"五代","Five Dynasties","http://n2t.net/ark:/99152/p0fp7wv5h26","清","Qing","http://n2t.net/ark:/99152/p0fp7wvtqp9","五代至清","Five Dynasties to Qing","山西省平顺县","山西","山西","Shanxi","山西省","山西省","平顺","县","Pingshun","County","8618711","300387198",,,,"平顺县",,,,
"000021","Dingxiang Guanwangmiao","定襄關王廟","定襄关王庙","Dingxiang_Guanwangmiao","2017-04-03T21:42:00-05:00","定襄关王庙","Dingxiang Guanwangmiao","Guanwang Temple in Dingxiang",,,,"宋","Song","http://n2t.net/ark:/99152/p0fp7wvjvn8","宋","Song","http://n2t.net/ark:/99152/p0fp7wv9x7n","宋","Song","山西省定襄县","山西","山西","Shanxi","山西省","山西省","定襄","县",,"County",,,,,,"定襄县",,,,
"000022","Zhoucun Dongyuemiao","周村東岳廟","周村东岳庙","Zhoucun_Dongyuemiao","2017-04-03T21:42:00-05:00","周村东岳庙","Zhoucun Dongyuemiao","Dongyue Temple in Zhoucun",,,,"宋","Song","http://n2t.net/ark:/99152/p0fp7wvjvn8","清","Qing","http://n2t.net/ark:/99152/p0fp7wvtqp9","宋至清","Song to Qing","山西省泽州县","山西","山西","Shanxi","山西省","山西省","泽州","县","Zezhou","County","8145851","300387198",,,,"泽州县",,,,
"000023","Dongyi Longwangmiao","東邑龍王廟","东邑龙王庙","Dongyi_Longwangmiao","2017-04-03T21:42:00-05:00","东邑龙王庙","Dongyi Longwangmiao","Longwang Temple in Dongyi",,,,"金","Jin","http://n2t.net/ark:/99152/p0fp7wvmghn","清","Qing","http://n2t.net/ark:/99152/p0fp7wvtqp9","金至清","Jin to Qing","山西省潞城市","山西","山西","Shanxi","山西省","山西省","潞城","市","Lucheng Zhen","City","8620155","300387199",,,,"潞城市",,,,
"000024","Dulesi","獨樂寺","独乐寺","Dulesi","2017-04-03T21:42:00-05:00","独乐寺","Dulesi","Dule Monastery",,,,"辽","Liao ","http://n2t.net/ark:/99152/p0fp7wvw8zq","辽","Liao ","http://n2t.net/ark:/99152/p0fp7wvw8zq","辽","Liao ","河北省蓟县","河北","河北","Hebei","河北省","河北省","蓟","县",,"County",,,,,,"蓟县",,,,
"000025","Faxingsi","法興寺","法兴寺","Faxingsi","2017-04-03T21:42:00-05:00","法兴寺","Faxingsi","Faxing Monastery",,,,"唐","Tang","http://n2t.net/ark:/99152/p0fp7wvrjpj","清","Qing","http://n2t.net/ark:/99152/p0fp7wvtqp9","唐 (to Qing)","Tang to Qing","山西省长子县","山西","山西","Shanxi","山西省","山西省","长子","县","Zhangzi","County","8677997","300387198",,,,"长子县",,,,
"000026","Fencheng Gujianzhuqun","汾城古建筑群","汾城古建筑群","Fencheng_Gujianzhuqun","2017-04-03T21:42:00-05:00","汾城古建筑群","Fencheng Gujianzhuqun","Fencheng historic building group",,,,"金","Jin","http://n2t.net/ark:/99152/p0fp7wvmghn","清","Qing","http://n2t.net/ark:/99152/p0fp7wvtqp9","金至清","Jin to Qing","山西省襄汾县","山西","山西","Shanxi","山西省","山西省","襄汾","县",,"County",,,,,,"襄汾县",,,,
"000027","Fengguosi","奉國寺","奉国寺","Fengguosi","2017-04-03T21:42:00-05:00","奉国寺","Fengguosi","Fengguo Monastery",,,,"辽","Liao ","http://n2t.net/ark:/99152/p0fp7wvw8zq","辽","Liao ","http://n2t.net/ark:/99152/p0fp7wvw8zq","辽 1020","Liao ","辽宁省义县","辽宁","遼寧","Liaoning","辽宁省","遼寧省","义","县",,"County",,,,,,"义县",,,,
"000028","Fogongsi","佛宮寺","佛宫寺","Fogongsi","2017-04-03T21:42:00-05:00","佛宫寺释迦塔（应县木塔）","Fogongsi","Fogong Monastery",,,,"辽","Liao","http://n2t.net/ark:/99152/p0fp7wvw8zq","辽","Liao","http://n2t.net/ark:/99152/p0fp7wvw8zq","辽","Liao","山西省应县","山西","山西","Shanxi","山西省","山西省","应","县",,"County",,,,,,"应县",,,,
"000029","Foguangsi","佛光寺","佛光寺","Foguangsi","2017-04-03T21:42:00-05:00","佛光寺","Foguangsi","Foguang Monastery",,,,"唐","Tang","http://n2t.net/ark:/99152/p0fp7wvrjpj","清","Qing","http://n2t.net/ark:/99152/p0fp7wvtqp9","唐至清","Tang to Qing","山西省五台县","山西","山西","Shanxi","山西省","山西省","五台","县","Wutai","County","8675821","300387198",,,,"五台县",,,,
"000030","Fotousi","佛頭寺","佛头寺","Fotousi","2017-04-03T21:42:00-05:00","佛头寺","Fotousi","Fotou Monastery","https://farm5.staticflickr.com/4102/4821604417_2720cb6dfb_z.jpg",,,"宋","Song","http://n2t.net/ark:/99152/p0fp7wvjvn8","宋","Song","http://n2t.net/ark:/99152/p0fp7wv9x7n","宋","Song","山西省平顺县","山西","山西","Shanxi","山西省","山西省","平顺","县","Pingshun","County","8618711","300387198",,,,"平顺县",,,,
"000031","Fuxiangsi","福祥寺","福祥寺","Fuyangsi","2017-04-03T21:42:00-05:00","福祥寺","Fuyangsi","Fuxiang Monastery",,,,"金","Jin","http://n2t.net/ark:/99152/p0fp7wvmghn","清","Qing","http://n2t.net/ark:/99152/p0fp7wvtqp9","金至清","Jin to Qing","山西省榆社县","山西","山西","Shanxi","山西省","山西省","榆社","县",,"County",,,,,,"榆社县",,,,
"000032","Gaoping Erlangmiao","高平二郞廟","高平二郞庙","Erlangmiao","2017-04-03T21:42:00-05:00","二郞庙","Erlangmiao","Gaoping Erlangmiao",,,,"金","Jin","http://n2t.net/ark:/99152/p0fp7wvmghn","清","Qing","http://n2t.net/ark:/99152/p0fp7wvtqp9","金至清","Jin to Qing","山西省高平市","山西","山西","Shanxi","山西省","山西省","高平","市","Gaoping","City","8206832","300387198",,,,"高平市",,,,
"000033","Geyuansi","閣院寺","阁院寺","Geyuansi","2017-04-03T21:42:00-05:00","阁院寺","Geyuansi","Geyuan Monastery",,,,"辽","Liao ","http://n2t.net/ark:/99152/p0fp7wvw8zq","辽","Liao ","http://n2t.net/ark:/99152/p0fp7wvw8zq","辽","Liao ","河北省涞源县","河北","河北","Hebei","河北省","河北省","涞源","县","Laiyuan","County","8630454","300387198",,,,"涞源县",,,,
"000034","Guangdesi","廣德寺","广德寺","Guangdesi","2017-04-03T21:42:00-05:00","广德寺","Guangdesi","Guangde Monastery",,,,"宋","Song","http://n2t.net/ark:/99152/p0fp7wvjvn8","清","Qing","http://n2t.net/ark:/99152/p0fp7wvtqp9","宋至清","Song to Qing","四川省遂宁市","四川","四川","Sichuan","四川省","四川省","遂宁","市",,"City",," county",,,,"遂宁市",,,,
"000035","Guanghuasi","廣華寺","广华寺","Guanghuasi","2017-04-03T21:42:00-05:00","广华寺","Guanghuasi","Guanghua Monastery",,,,"金","Jin","http://n2t.net/ark:/99152/p0fp7wvmghn",,,,,,"山西省五台县","山西","山西","Shanxi","山西省","山西省","五","县",,"County",,,,,,,"Taiguxian_beiguangxiang_Baichengcun",,,
"000036","Guangrenwangmiao","廣仁王廟","广仁王庙","Guangren_wangmiao","2017-04-03T21:42:00-05:00","广仁王庙","Guangrenwangmiao","Guangrenwang Temple",,,,"唐","Tang","http://n2t.net/ark:/99152/p0fp7wvrjpj","唐","Tang","http://n2t.net/ark:/99152/p0fp7wvrjpj","唐","Tang","山西省芮城县","山西","山西","Shanxi","山西省","山西省","芮城","县","Ruicheng","County","8624069","300387198",,,,"芮城县",,,,
"000037","Hancheng Fawangmiao","韓城法王廟","韩城法王庙","Fawangmiao","2017-04-03T21:42:00-05:00","法王庙","Fawangmiao","Fawang Temple in Hancheng",,,,"宋","Song","http://n2t.net/ark:/99152/p0fp7wvjvn8","清","Qing","http://n2t.net/ark:/99152/p0fp7wvtqp9","宋至清","Song to Qing","陕西省韩城市","陕西","陕西","Shanxi","陕西省","陕西省","韩城","市",,"City",,,,,,"韩城市",,,,
"000038","Hongfusi","洪福寺","洪福寺","Hongfusi","2017-04-03T21:42:00-05:00","洪福寺","Hongfusi","Hongfu Monastery ",,,,"宋","Song","http://n2t.net/ark:/99152/p0fp7wvjvn8","清以後","Post-Qing",,"宋至清以後","Song to Post-Qing","山西省定襄縣","山西","山西","Shanxi ","山西省","山西省","定襄","縣","Dingxiang","County",,,,,,,,,,
"000039","Hongjiyuan","洪濟院","洪济院","Hongjiyuan","2017-04-03T21:42:00-05:00","洪济院","Hongjiyuan","Hongji Cloister",,,,"金","Jin","http://n2t.net/ark:/99152/p0fp7wvmghn","清","Qing","http://n2t.net/ark:/99152/p0fp7wvtqp9","金至清","Jin to Qing","山西省武乡县","山西","山西","Shanxi","山西省","山西省","武乡","县","Wuxiang","County","8676733","300387198",,,,"武乡县",,,,
"000040","Hualinsi","華林寺","华林寺","Hualinsi","2017-04-03T21:42:00-05:00","华林寺大殿","Hualinsi","Hualin Monastery",,,,"宋","Song","http://n2t.net/ark:/99152/p0fp7wvjvn8","宋","Song","http://n2t.net/ark:/99152/p0fp7wv9x7n","宋","Song","福建省福州市","福建","福建","Fujian","福建省","福建省","福州","市","Fuzhou","City","8199891","300387145",,,,"福州市",,,,
"000041","Huayansi","華嚴寺","华严寺","Huayansi","2017-04-03T21:42:00-05:00","华严寺","Huayansi","Huayan Lower Monastery",,,,"辽","Liao","http://n2t.net/ark:/99152/p0fp7wvw8zq","清","Qing","http://n2t.net/ark:/99152/p0fp7wvtqp9","辽、金、清","Liao to Qing","山西省大同市","山西","山西","Shanxi","山西省","山西省","大同","市","Datong","City","8208819","300387198",,,,"大同市",,2037794,8208820,
"000042","Huilongsi","回龍寺","回龙寺","Huilongsi","2017-04-03T21:42:00-05:00","回龙寺","Huilongsi","Huilong Monastery",,,,"金","Jin","http://n2t.net/ark:/99152/p0fp7wvmghn","金","Jin","http://n2t.net/ark:/99152/p0fp7wvmghn","金","Jin","山西省平顺县","山西","山西","Shanxi","山西省","山西省","平顺","县",,"County",,,"阳高","乡","阳高乡侯壁村","平顺县； 平顺县阳高乡侯壁村",,,,
"000043","Huixianguan","會仙觀","会仙观","Huixianguan","2017-04-03T21:42:00-05:00","会仙观","Huixianguan","Huixian Belvedere",,,,"金","Jin","http://n2t.net/ark:/99152/p0fp7wvmghn","清","Qing","http://n2t.net/ark:/99152/p0fp7wvtqp9","金至清","Jin to Qing","山西省武乡县","山西","山西","Shanxi","山西省","山西省","武乡","县","Wuxiang","County","8676733","300387198",,,,"武乡县",,,,
"000044","Hutumiao","狐突廟","狐突庙","Hutumiao","2017-04-03T21:42:00-05:00","狐突庙","Hutumiao","Hutu Temple",,,,"宋","Song","http://n2t.net/ark:/99152/p0fp7wvjvn8","清","Qing","http://n2t.net/ark:/99152/p0fp7wvtqp9","宋至清","Song to Qing","山西省清徐县","山西","山西","Shanxi","山西省","山西省","清徐","县",,"County",,,,,,"清徐县",,,,
"000045","Jidumiao","濟瀆廟寢宮","济渎庙寝宫","Jidumiao","2017-04-03T21:42:00-05:00","济渎庙","Jidumiao","Jidu Temple",,,,"宋","Song","http://n2t.net/ark:/99152/p0fp7wvjvn8","清","Qing","http://n2t.net/ark:/99152/p0fp7wvtqp9","宋－清","Song to Qing","河南省济源市","河南","河南","Henan","河南省","河南省","济源","市","Jiyuan Shi","City","8619096","300387145",,,,"济源市",,,,
"000046","Jincheng Erxianmiao","晉城二仙廟","晋城二仙庙","Jincheng_Erxianmiao","2017-04-03T21:42:00-05:00","晋城二仙庙","Jincheng Erxianmiao","Erxian Temple in Jincheng ",,,,"宋","Song","http://n2t.net/ark:/99152/p0fp7wvjvn8","宋","Song","http://n2t.net/ark:/99152/p0fp7wv9x7n","宋","Song","山西省晋城市","山西","山西","Shanxi","山西省","山西省","晋城","市","Jincheng","City","8619006","300387145",,,,"晋城市",,,,
"000047","Jincheng Yuhuangmiao","晉城玉皇廟","晋城玉皇庙","Yuhuangmiao","2017-04-03T21:42:00-05:00","玉皇庙","Yuhuangmiao","Yuhuang Temple in Jincheng",,,,"宋","Song","http://n2t.net/ark:/99152/p0fp7wvjvn8","清","Qing","http://n2t.net/ark:/99152/p0fp7wvtqp9","宋至清","Song to Qing","山西省晋城市","山西","山西","Shanxi","山西省","山西省","晋城","市","Jincheng","City","8619006","300387145",,,,"晋城市",,,,
"000048","Jinci","晉祠","晋祠","Jinci","2017-04-03T21:42:00-05:00","晋祠","Jinci","Jin Shrines",,,,"宋","Song","http://n2t.net/ark:/99152/p0fp7wvjvn8","清","Qing","http://n2t.net/ark:/99152/p0fp7wvtqp9","宋-20th century","Song to Qing","山西省太原市","山西","山西","Shanxi","山西省","山西省","太原","市","Taiyuan","City","8680913","300387145",,,,"太原市",,,,
"000049","Jindongsi","金洞寺","金洞寺","Jindongsi","2017-04-03T21:42:00-05:00","金洞寺","Jindongsi","Jindong Monastery",,,,"宋","Jin","http://n2t.net/ark:/99152/p0fp7wvmghn","清","Qing","http://n2t.net/ark:/99152/p0fp7wvtqp9","宋至清","Jin to Qing","山西省忻州市","山西","山西","Shanxi","山西省","山西省","忻州","市",,"City",,,,,,"忻州市",,,,
"000050","Jingtusi","淨土寺","净土寺","Jingtusi","2017-04-03T21:42:00-05:00","净土寺","Jingtusi","Jingtu Monastery",,,,"金","Jin","http://n2t.net/ark:/99152/p0fp7wvmghn","金","Jin","http://n2t.net/ark:/99152/p0fp7wvmghn","金","Jin","山西省应县","山西","山西","Shanxi","山西省","山西省","应","县",,"County",,,,,,"应县",,,,
"000051","Jingzhuang Dayunsi","荊莊大雲寺","荆庄大云寺","Jingzhuang_Dayunsi","2017-04-03T21:42:00-05:00","荆庄大云寺大雄宝殿","Jingzhuang Dayunsi","Dayun Monastery in Jingzhuang",,,,"金","Jin","http://n2t.net/ark:/99152/p0fp7wvmghn","金","Jin","http://n2t.net/ark:/99152/p0fp7wvmghn","金","Jin","山西省浑源县","山西","山西","Shanxi","山西省","山西省","浑源","县",,"County",,,,,,"浑源县",,,,
"000052","Jiutianshengmumiao","九天聖母廟","九天圣母庙","Jiutianshengmumiao","2017-04-03T21:42:00-05:00","九天圣母庙","Jiutianshengmumiao","Jiutian Sage Mother Temple","https://farm5.staticflickr.com/4078/4822197672_35fd7d2017_z.jpg",,,"宋","Song","http://n2t.net/ark:/99152/p0fp7wvjvn8","清","Qing","http://n2t.net/ark:/99152/p0fp7wvtqp9","宋至清","Northern Song to Qing","山西省平顺县","山西","山西","Shanxi","山西省","山西省","平顺","县","Pingshun","County","8618711","300387198",,,,"平顺县",,,,
"000053","Kaifusi","開福寺","开福寺","Kaifusi","2017-04-03T21:42:00-05:00","开福寺","Kaifusi","Kaifu Monastery",,,,"金","Jin","http://n2t.net/ark:/99152/p0fp7wvmghn","明","Ming","http://n2t.net/ark:/99152/p0fp7wv2s8c","金至明","Jin to Ming","山西省阳城县","山西","山西","Shanxi","山西省","山西省","阳城","县","Yangcheng","County","8683046","300387198",,,,"阳城县",,,,
"000054","Kaihuasi","開化寺","开化寺","Kaihuasi","2017-04-03T21:42:00-05:00","开化寺","Kaihuasi","Kaihua Monastery",,,,"宋","Song","http://n2t.net/ark:/99152/p0fp7wvjvn8","清","Qing","http://n2t.net/ark:/99152/p0fp7wvtqp9","宋至清","Northern Song to Qing","山西省高平市","山西","山西","Shanxi","山西省","山西省","高平","市","Gaoping","City","8206832","300387198",,,,"高平市",,,,
"000055","Kaishansi","開善寺","开善寺","Kaishansi","2017-04-03T21:42:00-05:00","开善寺","Kaishansi","Kaishan Monastery",,,,"辽","Liao ","http://n2t.net/ark:/99152/p0fp7wvw8zq","辽","Liao ","http://n2t.net/ark:/99152/p0fp7wvw8zq","辽","Liao ","河北省高碑店市","河北","河北","Hebei","河北省","河北省","高碑店","市","Gaobeidian Shi","City","8682025","300387198",,,,"高碑店市",,,,
"000056","Kaiyuansi","開元寺鐘樓","开元寺钟楼","Kaiyuansi","2017-04-03T21:42:00-05:00","开元寺钟楼","Kaiyuansi","Kaiyuan Monastery",,,,"唐","Tang","http://n2t.net/ark:/99152/p0fp7wvrjpj","清","Qing","http://n2t.net/ark:/99152/p0fp7wvtqp9","唐至清","Tang to Qing","河北省正定县","河北","河北","Hebei","河北省","河北省","正定","县",,"County",,,,,,"正定县",,,,
"000057","Qinshui Shengtiansi","沁水聖天寺","沁水圣天寺","Qinshui_Shengtiansi","2017-04-03T21:42:00-05:00","沁水圣天寺","Qinshui Shengtiansi","Qinshui Shengtian Monastery",,,,"宋","Song","http://n2t.net/ark:/99152/p0fp7wvjvn8","宋","Song","http://n2t.net/ark:/99152/p0fp7wv9x7n","宋","Song","山西省沁水县","山西","山西","Shanxi","山西省","山西省","沁水","县","Qinshui","County","8627543","300387198","郑庄","镇","廊必村","庄廊必村","Dong_Langbicun_Zhengzhuangzhen_Qinshui",,,
"000058","Liang Cheng guli","兩程故裡","两程故里","Liang_Cheng_guli","2017-04-03T21:42:00-05:00","两程故里","Liang Cheng guli","Liang Cheng ancient ward",,,,"宋","Song","http://n2t.net/ark:/99152/p0fp7wvjvn8","明","Ming","http://n2t.net/ark:/99152/p0fp7wv2s8c","宋至明","Song to Ming","河南省嵩县","河南","河南","Henan","河南省","河南省","嵩","县",,"County",,,,,,"嵩县",,,,
"000059","Liang Cheng guli Liang Cheng ci","兩程故裡兩程祠","两程故里两程祠","Liang_Cheng_guli_Liang_Cheng_ci","2017-04-03T21:42:00-05:00","兩程故裡兩程祠","Liang Cheng guli Liang Cheng ci","Cheng Brothers Shrine in Liang Cheng ancient ward",,,,"宋","Song","http://n2t.net/ark:/99152/p0fp7wvjvn8","明","Ming"," http://n2t.net/ark:/99152/p0fp7wv2s8c","宋至明","Song to Ming","河南省嵩县","河南",,"Henan","河南省","河南省","嵩","县",,,,,,,,,,,,
"000060","Lingchuan Longyansi","陵川龍岩寺","陵川龙岩寺","Longyansi","2017-04-03T21:42:00-05:00","龙岩寺","Longyansi","Lingchuan Longyan Monastery",,,,"金","Jin","http://n2t.net/ark:/99152/p0fp7wvmghn","明","Ming","http://n2t.net/ark:/99152/p0fp7wv2s8c","金、明","Jin to Ming","山西省陵川县","山西","山西","Shanxi","山西省","山西省","陵川","县",,"County",,,,,,"陵川县",,,,
"000061","Lingyansi","靈岩寺","灵岩寺","Lingyansi","2017-04-03T21:42:00-05:00","灵岩寺 ","Lingyansi","Lingyan Monastery",,1803429,8625249,"前秦","Former Qin","http://n2t.net/ark:/99152/p0fp7wvrjpj","清","Qing","http://n2t.net/ark:/99152/p0fp7wvtqp9","前秦至清","Former Qin to Qing","山东省长清县","山东","山東","Shandong","山东省","山東省","长清","县","Changqing Qu","County","8208980","300387198",,,,"长清县","Changqing District",1815582,,"Legendarily built in the Former Qin, Yonxing reign period (357-359 CE) ZGMSCD, p. 584"
"000062","Lingzewangmiao","靈澤王廟 ","灵泽王庙 ","Lingze_wangmiao","2017-04-03T21:42:00-05:00","灵泽王庙/ 太平龍王廟","Lingzewangmiao","Lingzewang Temple",,,,"金","Jin","http://n2t.net/ark:/99152/p0fp7wvmghn","清","Qing","http://n2t.net/ark:/99152/p0fp7wvtqp9","金至清","Jin to Qing","山西省長治","山西","山西","Shanxi","山西省","山西省","長治","市","Changzhi","City",,,"襄垣","县",,"長治襄垣县",,,,
"000063","Longmensi","龍門寺","龙门寺","Longmensi","2017-04-03T21:42:00-05:00","龙门寺","Longmensi","Longmen Monastery",,,,"五代","Five Dynasties","http://n2t.net/ark:/99152/p0fp7wv5h26","清","Qing","http://n2t.net/ark:/99152/p0fp7wvtqp9","五代－清","Five Dynasties to Qing","山西省平顺县","山西","山西","Shanxi","山西省","山西省","平顺","县","Pingshun","County","8618711","300387198",,,,"平顺县",,,,
"000064","Longxingsi","隆興寺","隆兴寺","Longxingsi","2017-04-03T21:42:00-05:00","隆兴寺","Longxingsi","Longxing Monastery",,,,"宋","Song","http://n2t.net/ark:/99152/p0fp7wvjvn8","宋","Song","http://n2t.net/ark:/99152/p0fp7wv9x7n","initially built 586; now 宋 10th-11th century","Song","河北省正定县","河北","河北","Hebei","河北省","河北省","正定","县","Zhengding","County","8683355","300387198",,,,"正定县",,,,"Initially built 586; now 宋 10th-11th century"
"000065","Meian","梅庵","梅庵","Meian","2017-04-03T21:42:00-05:00","梅庵","Meian","Mei Hermitage",,,,"北宋","Northern Song","http://n2t.net/ark:/99152/p0fp7wvjvn8","北宋","Northern Song","http://n2t.net/ark:/99152/p0fp7wvjvn8","北宋 996?","Northern Song","广东省肇庆市","广东","廣東","Guangdong","广东省","廣東省","肇庆","市","Zhaoqing","City",,,,,,"肇庆市",,,,
"000066","Nanchansi","南禪寺","南禅寺","Nanchansi","2017-04-03T21:42:00-05:00","南禅寺","Nanchansi","Nanchan Monastery",,,,"唐","Tang","http://n2t.net/ark:/99152/p0fp7wvrjpj","唐","Tang","http://n2t.net/ark:/99152/p0fp7wvrjpj","唐","Tang","山西省五台县","山西","山西","Shanxi","山西省","山西省","五台","县","Wutai","County","8675821","300387198",,,,"五台县",,,,
"000067","Nanjixiangsi","南吉祥寺","南吉祥寺","Nanjixiangsi","2017-04-03T21:42:00-05:00","南吉祥寺","Nanjixiangsi","South Jixiang Monastery",,,,"宋","Song","http://n2t.net/ark:/99152/p0fp7wvjvn8","清","Qing","http://n2t.net/ark:/99152/p0fp7wvtqp9","宋－清","Song to Qing","山西省陵川县","山西","山西","Shanxi","山西省","山西省","陵川","县","Lingchuan","County","8623563","300387198","平川","村",,"陵川县平川",,,,
"000068","Nanshentou Erxianmiao","南神頭二仙廟","南神头二仙庙","Nanshentou_Erxianmiao","2017-04-03T21:42:00-05:00","南神头二仙庙","Nanshentou Erxianmiao","Erxian Temple in Nanshentou",,,,"金","Jin","http://n2t.net/ark:/99152/p0fp7wvmghn","清","Qing","http://n2t.net/ark:/99152/p0fp7wvtqp9","金至清","Jin to Qing","山西省陵川县","山西","山西","Shanxi","山西省","山西省","陵川","县","Lingchuan","County","8623563","300387198","潞城","镇","石圪峦村","陵川县; 陵川县潞城镇石圪峦村",,,,
"000069","Nantong Tianningsi","南通天寧寺","南通天宁寺","Nantong_Tianningsi","2017-04-03T21:42:00-05:00","南通天宁寺","Nantong Tianningsi","Tianning Monastery in Nantong",,,,"唐","Tang","http://n2t.net/ark:/99152/p0fp7wvrjpj","清","Qing","http://n2t.net/ark:/99152/p0fp7wvtqp9","唐至清","Tang to Qing","江苏省南通市","江苏","江蘇","Jiangsu","江苏省","江蘇省","南通","市",,"City",,,,,,"南通市",,,,
"000070","Pingyao Wenmiao","平遙文廟","平遥文庙","Pingyao_Wenmiao","2017-04-03T21:42:00-05:00","平遥文廟","Pingyao Wenmiao","Wenmiao in Pingyao",,,,"金","Jin","http://n2t.net/ark:/99152/p0fp7wvmghn","清","Qing","http://n2t.net/ark:/99152/p0fp7wvtqp9","金至清","Jin to Qing","山西省平遥县","山西","山西","Shanxi","山西省","山西省","平遥","县","Pingyao","County","8619493","300387198",,,,"平遥县",,,,
"000071","Puguangsi","普光寺","普光寺","Puguangsi","2017-04-03T21:42:00-05:00","普光寺","Puguangsi","Puguang Monastery",,,,"宋","Song","http://n2t.net/ark:/99152/p0fp7wvjvn8","清","Qing","http://n2t.net/ark:/99152/p0fp7wvtqp9","宋至清","Song to Qing","山西省寿阳县","山西","山西","Shanxi","山西省","山西省","寿阳","县",,"County",,,,,,"寿阳县",,,,
"000072","Putian Yuanmiaoguan","莆田元妙觀","莆田元妙观","Putian_Yuanmiaoguan_Sanqingdian","2017-04-03T21:42:00-05:00","莆田元妙观三清殿","Yuanmiaoguan","Putian Yuanmiao Belvedere",,,,"宋","Song","http://n2t.net/ark:/99152/p0fp7wvjvn8","宋","Song","http://n2t.net/ark:/99152/p0fp7wv9x7n","宋","Song","福建省莆田市","福建","福建","Fujian","福建省","福建省","莆田","市","Putian","City","8623015","300387145",,,,"莆田市",,,,
"000073","Puzhaosi","普照寺","普照寺","Puzhaosi","2017-04-03T21:42:00-05:00","普照寺大殿","Puzhaosi","Puzhao Monastery",,,,"金","Jin","http://n2t.net/ark:/99152/p0fp7wvmghn","金","Jin","http://n2t.net/ark:/99152/p0fp7wvmghn","金","Jin","山西省沁县","山西","山西","Shanxi","山西省","山西省","沁","县",,"County",,,,,,"沁县",,,,
"000074","Qingliansi","青蓮寺","青莲寺","Qingliansi","2017-04-03T21:42:00-05:00","青莲寺","Qingliansi","Qinglian Monastery",,,,"唐","Tang","http://n2t.net/ark:/99152/p0fp7wvrjpj","清","Qing","http://n2t.net/ark:/99152/p0fp7wvtqp9","唐至清","Tang to Qing","山西省晋城市","山西","山西","Shanxi","山西省","山西省","晋城","市","Jincheng","City","8619006","300387145",,,,"晋城市",,,,
"000075","Qinshui Cuifujunmiao","沁水崔府君廟","沁水崔府君庙","Qinshui_Cuifujunmiao","2017-04-03T21:42:00-05:00","沁水崔府君庙","Qinshui Cuifujunmiao","Cuifujun Temple in Qinshui","https://farm5.staticflickr.com/4091/4838233004_f2f2234d1b_z.jpg",,,"金","Jin","http://n2t.net/ark:/99152/p0fp7wvmghn","元","Yuan","http://n2t.net/ark:/99152/p0fp7wvvrz5","金元","Jin to Yuan","山西省沁水县","山西","山西","Shanxi","山西省","山西省","沁水","县","Qinshui","County","8627543","300387198","加丰","镇","郭南村","加丰镇郭南村","Jiafengzhen_Guonancun",,,
"000076","Qinshui Longyansi","沁水龍岩寺","沁水龙岩寺","Qinshui_Longyansi","2017-04-03T21:42:00-05:00","沁水龙岩寺","Qinshui Longyansi","Longyan Moastery in Qinshui",,,,"金","Jin","http://n2t.net/ark:/99152/p0fp7wvmghn","金","Jin","http://n2t.net/ark:/99152/p0fp7wvmghn","金","Jin",,,,,,,,,,,,,,,,,"Qinshuixian_Zhongcunzhen_Shanggecun",,,
"000077","Qinshui Shundimiao ","沁水舜帝廟","沁水舜帝庙","Qinshui_Shundimiao ","2017-04-03T21:42:00-05:00",,,"Qinshui Shundi Temple",,,,,,,,,,,,,,,,,,,,,,,,,,,,,,,
"000078","Qinxian Dayunyuan","沁縣大雲院","沁县大云院","Qinxian_Dayunyuan","2017-04-03T21:42:00-05:00","沁县大云院","Qinxian Dayunyuan","Dayun Cloister in Qinxian",,,,"宋","Song","http://n2t.net/ark:/99152/p0fp7wvjvn8","清","Qing","http://n2t.net/ark:/99152/p0fp7wvtqp9","宋至清","Song to Qing","山西省沁县","山西","山西","Shanxi","山西省","山西省","沁","县",,"County",,,,,,"沁县",,,,
"000079","Qixian Xingfansi","祁縣興梵寺","祁县兴梵寺","Qixian_Xingfansi","2017-04-03T21:42:00-05:00","祁县兴梵寺","Qixian Xiangfansi","Xiangfan Monastery in Qixian",,,,"宋","Song","http://n2t.net/ark:/99152/p0fp7wvjvn8","宋","Song","http://n2t.net/ark:/99152/p0fp7wv9x7n","宋","Song","山西省祁县","山西","山西","Shanxi","山西省","山西省","祁","县",,"County",,,"东观","镇","中学里面","观镇中学里面","Qixian_Dongguangzhen_Zongxue_limian",,,
"000080","Qufu Kongfu","曲阜孔府","曲阜孔府","Qufu_Kongfu","2017-04-03T21:42:00-05:00",,,"Kong Family Residence in Qufu ",,,,"宋","Song",,"清","Qing",,"宋至清","Song to Qing","山东省曲阜县","山东","山东","Shandong","山东省","山東省","曲阜","县","Qufu","County","8631848",,,,,,,,,
"000081","Qufu Kongmiao","曲阜孔廟","曲阜孔庙","Kongmiao","2017-04-03T21:42:00-05:00","曲阜孔庙","Kongmiao","Temple of Confucius in Qufu",,9072554,,"金","Jin","http://n2t.net/ark:/99152/p0fp7wvmghn","清","Qing","http://n2t.net/ark:/99152/p0fp7wvtqp9","金至清","Jin to Qing","山东省曲阜县","山东","山東","Shandong","山东省","山東省","曲阜","县","Qufu","County","8631848","300387198",,,,"曲阜县",,,8631848,
"000082","Ruicheng Chenghuangmiao","芮城城隍廟","芮城城隍庙","Ruicheng_Chenghuangmiao","2017-04-03T21:42:00-05:00","芮城城隍庙","Ruicheng Chenghuangmiao","Ruicheng City God Temple",,,,"北宋","Northern Song","http://n2t.net/ark:/99152/p0fp7wvjvn8","清","Qing","http://n2t.net/ark:/99152/p0fp7wvtqp9","北宋至清: Main Hall Song--11th cen?","Northern Song to Qing","山西省芮城县","山西","山西","Shanxi","山西省","山西省","芮城","县",,"County",,,,,,"芮城县",,,,"Main Hall Song--11th cen?"
"000083","Runcheng Dongyuemiao","潤城東岳廟","润城东岳庙","Runcheng_Dongyuemiao","2017-04-03T21:42:00-05:00","润城东岳庙/屯城東岳廟","Runcheng Dongyuemiao","Runchengzhen Dongyue Temple",,,,"金","Jin","http://n2t.net/ark:/99152/p0fp7wvmghn","清","Qing","http://n2t.net/ark:/99152/p0fp7wvtqp9","金至清","Jin to Qing","山西省阳城县","山西","山西","Shanxi","山西省","山西省","阳城","县","Yangcheng","County","8683046","300387198",,,,"阳城县",,,,
"000084","Sanjunmiao","三峻廟","三峻庙","Sanjunmiao","2017-04-03T21:42:00-05:00","三峻庙","Sanjunmiao","Sanjun Temple",,,,"金","Jin","http://n2t.net/ark:/99152/p0fp7wvmghn","清","Qing","http://n2t.net/ark:/99152/p0fp7wvtqp9","金至清","Jin to Qing","山西省壶关县","山西","山西","Shanxi","山西省","山西省","壶关","县","Huguan","County","8206585","300387198",,,,"壶关县",,,,
"000085","Shanhuasi","善化寺","善化寺","Shanhuasi","2017-04-03T21:42:00-05:00","善化寺","Shanhuasi","Shanhua Monastery",,,,"辽","Liao ","http://n2t.net/ark:/99152/p0fp7wvw8zq","金","Jin","http://n2t.net/ark:/99152/p0fp7wvmghn","辽,金; rebuilt 1128-1143","Liao  to Jin","山西省大同市","山西","山西","Shanxi","山西省","山西省","大同","市","Datong","City","8208819","300387198",,,,"大同市",,2037794,8208820,"rebuilt 1128-1143"
"000086","Shaolinsi","少林寺初祖庵","少林寺初祖庵","Shaolinsi","2017-04-03T21:42:00-05:00","少林寺初祖庵","Shaolinsi","Shaolin Monastery",,,,"宋","Song","http://n2t.net/ark:/99152/p0fp7wvjvn8","宋","Song","http://n2t.net/ark:/99152/p0fp7wv9x7n","宋","Song","河南省登封市","河南","河南","Henan","河南省","河南省","登封","市","Dengfeng Shi","City","8200070","300387198",,,,"登封市",,,,
"000089","Suzhou Xuanmiaoguan","蘇州玄妙觀","苏州玄妙观","Suzhou_Xuanmiaoguan_Sanqingdian","2017-04-03T21:42:00-05:00","苏州玄妙观三清殿","Suzhou Xuanmiaoguan","Xuanmiao Belvedere in Suzhou",,,,"宋","Song","http://n2t.net/ark:/99152/p0fp7wvjvn8","宋","Song","http://n2t.net/ark:/99152/p0fp7wv9x7n","宋","Song","江苏省苏州市","江苏","江蘇","Jiangsu","江苏省","江蘇省","苏州","市","Suzhou Shi","City","8570104","300387145",,,,"苏州市",,,,
"000087","Shizhang Yuhuangmiao","石掌玉皇廟","石掌玉皇庙","Shizhang_Yuhuangmiao","2017-04-03T21:42:00-05:00","石掌玉皇庙","Shizhang Yuhuangmiao","Yuhuang Temple in Shizhang","https://farm5.staticflickr.com/4121/4821261211_9b5ae549cb_z.jpg",,,"金","Jin","http://n2t.net/ark:/99152/p0fp7wvmghn","清","Qing","http://n2t.net/ark:/99152/p0fp7wvtqp9","金至清","Jin to Qing","山西省陵川县","山西","山西","Shanxi","山西省","山西省","陵川","县","Lingchuan","County","8623563","300387198",,,,"陵川县",,,,
"000088","Sirun Sanjiaotang","寺潤三教堂","寺润三教堂","Sirun_Sanjiaotang","2017-04-03T21:42:00-05:00","寺润三教堂","Sirun Sanjiaotang","Sirun Sanjiao Hall",,,,"金","Jin","http://n2t.net/ark:/99152/p0fp7wvmghn","金","Jin","http://n2t.net/ark:/99152/p0fp7wvmghn","金","Jin","山西省陵川县","山西","山西","Shanxi","山西省","山西省","陵川","县","Lingchuan","County","8623563","300387198","杨村","镇","寺润村","陵川县; 陵川县杨村镇寺润村",,,,
"000090","Taian Daimiao","泰安岱廟","泰安岱庙","Daimiao","2017-04-03T21:42:00-05:00","岱庙*","Daimiao","Temple to the Eastern Peak in Tai'an",,,,"宋","Song","http://n2t.net/ark:/99152/p0fp7wvjvn8","清","Qing","http://n2t.net/ark:/99152/p0fp7wvtqp9","宋至清","Song to Qing","山东省泰安市","山东","山東","Shandong","山东省","山東省","泰安","市",,"City",,,,,,"泰安市",,,,
"000091","Taifuguan","太符觀","太符观","Taifuguan","2017-04-03T21:42:00-05:00","太符观","Taifuguan","Taifu Belvedere",,,,"金","Jin","http://n2t.net/ark:/99152/p0fp7wvmghn","清","Qing","http://n2t.net/ark:/99152/p0fp7wvtqp9","金至清","Jin to Qing","山西省汾阳市","山西","山西","Shanxi","山西省","山西省","汾阳","市","Fenyang","City","8206001","300387198",,,,"汾阳市",,,,
"000092","Taiyinsi","太陰寺","太阴寺","Taiyinsi","2017-04-03T21:42:00-05:00","太阴寺","Taiyinsi","Taiyin Monastery",,,,"金","Jin","http://n2t.net/ark:/99152/p0fp7wvmghn","清","Qing","http://n2t.net/ark:/99152/p0fp7wvtqp9","金 1170?","Jin to Qing","山西省绛县","山西","山西","Shanxi","山西省","山西省","绛","县",,"County",,,,,,"绛县",,,,
"000093","Tiantaian","天台庵","天台庵","Tiantaian","2017-04-03T21:42:00-05:00","天台庵","Tiantaian","Tiantai Hermitage",,,,"唐","Tang","http://n2t.net/ark:/99152/p0fp7wvrjpj","唐","Tang","http://n2t.net/ark:/99152/p0fp7wvrjpj","唐","Tang","山西省平顺县","山西","山西","Shanxi","山西省","山西省","平顺","县","Pingshun","County","8618711","300387198",,,,"平顺县",,,,
"000094","Tianwangsi","天王寺","天王寺","Tianwangsi","2017-04-03T21:42:00-05:00","天王寺","Tianwangsi","Tianwang Monastery",,,,"金","Jin","http://n2t.net/ark:/99152/p0fp7wvmghn","金","Jin","http://n2t.net/ark:/99152/p0fp7wvmghn","金","Jin","山西省长子县","山西","山西","Shanxi","山西省","山西省","长子","县","Zhangzi","County","8677997","300387198",,,"长子县城南大街东侧","长子县 天王寺坐落于长子县城南大街东侧",,,,
"000095","Wanrong Jiwangmiao","萬榮稷王廟","万荣稷王庙","Wanrong_Jiwangmiao","2017-04-03T21:42:00-05:00","万荣稷王庙","Wanrong Jiwangmiao","Jiwang Temple in Wanrong",,,,"金","Jin","http://n2t.net/ark:/99152/p0fp7wvmghn","金","Jin","http://n2t.net/ark:/99152/p0fp7wvmghn","金","Jin","山西省万荣县","山西","山西","Shanxi","山西省","山西省","万荣","县",,"County",,,,,,"万荣县",,,,
"000096","Wuxiangxian Dayunsi","武鄉縣大雲寺","武乡县大云寺","Wuxiang_Dayunsi","2017-04-03T21:42:00-05:00","武乡县大云寺","Wuxiang_Dayunsi","Dayun Monastery in Wuxiang",,,,"宋","Song","http://n2t.net/ark:/99152/p0fp7wvjvn8","清","Qing","http://n2t.net/ark:/99152/p0fp7wvtqp9","宋至清","Song to Qing","山西省武乡县","山西","山西","Shanxi","山西省","山西省","武乡","县","Wuxiang","County","8676733","300387198",,,,"武乡县",,,,
"000097","Xiajiao Tangdimiao","下交湯帝廟","下交汤帝庙","Xiajiao_Tangdimiao","2017-04-03T21:42:00-05:00","下交汤帝庙","Xiajiao Tangdimiao","Xiajiao Tangdi Temple","https://farm5.staticflickr.com/4100/4820806605_50082ab2f5_z.jpg",,,"宋","Song","http://n2t.net/ark:/99152/p0fp7wvjvn8","清","Qing","http://n2t.net/ark:/99152/p0fp7wvtqp9","宋至清","Song to Qing","山西省阳城县","山西","山西","Shanxi","山西省","山西省","阳城","县","Yangcheng","County","8683046","300387198",,,,"阳城县",,,,
"000098","Xiangning Shoushengsi","鄉寧壽聖寺","乡宁寿圣寺","Xining_Shoushengsi","2017-04-03T21:42:00-05:00","乡宁寿圣寺","Xining Shoushengsi","Shousheng Monastery in Xiangning",,,,"金","Jin","http://n2t.net/ark:/99152/p0fp7wvmghn","明","Ming","http://n2t.net/ark:/99152/p0fp7wv2s8c","金至明","Jin to Ming","山西省乡宁县","山西","山西","Shanxi","山西省","山西省","乡宁","县",,"County",,,,,,"乡宁县",,,,
"000099","Xiaohuiling Erxianmiao","小會嶺二仙廟","小会岭二仙庙","Xiaohuiling_Erxianmiao","2017-04-03T21:42:00-05:00","小会岭二仙庙","Xiaohuiling Erxianmiao","Erxian Temple in Xiaohuiling",,,,"北宋","Northern Song","http://n2t.net/ark:/99152/p0fp7wvjvn8","清","Qing","http://n2t.net/ark:/99152/p0fp7wvtqp9","北宋至清","Northern Song to Qing","山西省陵川县","山西","山西","Shanxi","山西省","山西省","陵川","县","Lingchuan","County","8623563","300387198",,,,"陵川县",,,,
"000100","Xiaozhangcun Biyunsi","小張村碧雲寺","小张村碧云寺","Xiaozhangcun_Biyunsi","2017-04-03T21:42:00-05:00","小张村碧云寺","Xiaozhangcun Biyunsi","Biyun Monastery in Xiaozhangcun",,,,"五代","Five Dynasties","http://n2t.net/ark:/99152/p0fp7wv5h26","五代","Five Dynasties","http://n2t.net/ark:/99152/p0fp7wv5h26","五代","Five Dynasties","山西省长子县","山西","山西","Shanxi","山西省","山西省","长子","县","Zhangzi","County","8677997","300387198","小张","村",,"张存",,,,
"000101","Xili Erxianmiao","西李門二仙廟","西李门二仙庙","Xilimen_Erxianmiao","2017-04-03T21:42:00-05:00","西李门二仙庙","Xilimen Erxianmiao","Erxian Temple in Xilimen",,,,"金","Jin","http://n2t.net/ark:/99152/p0fp7wvmghn","清","Qing","http://n2t.net/ark:/99152/p0fp7wvtqp9","金至清","Jin to Qing","山西省高平市","山西","山西","Shanxi","山西省","山西省","高平","市","Gaoping","City","8206832","300387198",,,,"高平市",,,,
"000102","Xingdongyuan Dongyuemiao","興東垣東岳廟","兴东垣东岳庙","Xingdongyuan_Dongyuemiao","2017-04-03T21:42:00-05:00","兴东垣东岳庙","Xingdongyuan Dongyuemiao","Dongyue Temple in Xingdongyuan",,,,"金","Jin","http://n2t.net/ark:/99152/p0fp7wvmghn","清","Qing","http://n2t.net/ark:/99152/p0fp7wvtqp9","金至清","Jin to Qing","山西省石楼县","山西","山西","Shanxi","山西省","山西省","石楼","县",,"County",,,,,,"石楼县",,,,
"000103","Xingfansi","興梵寺","兴梵寺","Guangfansi","2017-04-03T21:42:00-05:00","兴梵寺","Guangfansi","Xingfan Monastery",,,,"宋","Song","http://n2t.net/ark:/99152/p0fp7wvjvn8","宋","Song","http://n2t.net/ark:/99152/p0fp7wv9x7n","宋","Song","山西省祁县","山西","山西","Shanxi","山西省","山西省","祁","县",,"County",,,,,,"祁县",,,,
"000104","Xixi Erxianmiao","西溪二仙廟","西溪二仙庙","Xixi_Erxianmiao","2017-04-03T21:42:00-05:00","西溪二仙庙","Xixi Erxianmiao","Erxian Temple in Xixi",,,,"金","Jin","http://n2t.net/ark:/99152/p0fp7wvmghn","清","Qing","http://n2t.net/ark:/99152/p0fp7wvtqp9","金至清","Jin to Qing","山西省陵川县","山西","山西","Shanxi","山西省","山西省","陵川","县","Lingchuan","County","8623563","300387198",,,,"陵川县",,,,
"000105","Yangquan Dawangmiao","陽泉大王廟","阳泉大王庙","Yangquan_Dawangmiao","2017-04-03T21:42:00-05:00","陽泉大王庙","Yangquan Dawangmiao","Dawang Temple in Yangquan",,,,"金","Jin","http://n2t.net/ark:/99152/p0fp7wvmghn","明","Ming","http://n2t.net/ark:/99152/p0fp7wv2s8c","金至明","Jin to Ming","山西省陽泉市","山西","山西","Shanxi","山西省","山西省","陽泉","市",,"City",,,"盂","县",,"陽泉市盂县",,,,
"000106","Yangquan Guanwangmiao","陽泉關王廟","阳泉关王庙","Guanwangmiao","2017-04-03T21:42:00-05:00","关王庙","Guanwangmiao","Guanwang Temple in Yangquan","https://farm5.staticflickr.com/4139/4899000526_0b3092aae6_z.jpg",,,"北宋","Northern Song","http://n2t.net/ark:/99152/p0fp7wvjvn8","清","Qing","http://n2t.net/ark:/99152/p0fp7wv9x7n","宋至清","Song to Qing","山西省阳泉市","山西","山西","Shanxi","山西省","山西省","阳泉","市","Yangquan","City","8675178","300387145",,,,"阳泉市",,,,
"000107","Yanqingsi","延慶寺","延庆寺","Yanqingsi","2017-04-03T21:42:00-05:00","延庆寺","Yanqingsi","Yanqing Monastery",,,,"宋","Song","http://n2t.net/ark:/99152/p0fp7wvjvn8","清","Qing","http://n2t.net/ark:/99152/p0fp7wvtqp9","宋至清","Song to Qing","山西省五台县","山西","山西","Shanxi","山西省","山西省","五台","县","Wutai","County","8675821","300387198",,,,"五台县","Wutai_County",1790954,8675821,
"000108","Yanshansi","岩山寺","岩山寺","Yanshansi","2017-04-03T21:42:00-05:00","岩山寺","Yanshansi","Yanshan Monastery",,,,"金","Jin","http://n2t.net/ark:/99152/p0fp7wvmghn","金","Jin","http://n2t.net/ark:/99152/p0fp7wvmghn","金","Jin","山西省繁峙县","山西","山西","Shanxi","山西省","山西省","繁峙","县","Fanzhi","County","8212144","300387198",,,,"繁峙县",,,,
"000109","Youxiansi","游仙寺","游仙寺","Youxiansi","2017-04-03T21:42:00-05:00","游仙寺","Youxiansi","Youxian Monastery",,,,"北宋","Northern Song","http://n2t.net/ark:/99152/p0fp7wvjvn8","清","Qing","http://n2t.net/ark:/99152/p0fp7wvtqp9","北宋至清","Northern Song to Qing","山西省高平市","山西","山西","Shanxi","山西省","山西省","高平","市","Gaoping","City","8206832","300387198",,,,"高平市",,,,
"000110","Yuanqisi","原起寺","原起寺","Yuanqisi","2017-04-03T21:42:00-05:00","原起寺","Yuanqisi","Yuanqi Monastery","https://farm5.staticflickr.com/4092/4834445917_439fc9a19f_z.jpg",,,"宋","Song","http://n2t.net/ark:/99152/p0fp7wvjvn8","宋","Song","http://n2t.net/ark:/99152/p0fp7wv9x7n","宋","Song","山西省潞城市","山西","山西","Shanxi","山西省","山西省","潞城","市","Lucheng","City","8620152","300387198",,,,"潞城市",,,,
"000111","Yuanzhou Qiaolou","袁州譙樓","袁州谯楼","Yuanzhou_Qiaolou","2017-04-03T21:42:00-05:00","袁州谯楼","Yuanzhou Qiaolou","Qiao Tower in Yuanzhou",,,,"宋","Song","http://n2t.net/ark:/99152/p0fp7wvjvn8","清 ","Qing","http://n2t.net/ark:/99152/p0fp7wvtqp9","宋至清 袁州譙樓建於南宋嘉定十二年(西元１２１９年)","Song to Qing","江西省宜春市","江西","江西","Jiangxi","江西省","江西省","宜春","市",,"City",,,,,,"宜春市","袁州譙樓建於南宋嘉定十二年(西元１２１９年)",,,
"000112","Yunyansi","雲岩寺","云岩寺","Yunyansi","2017-04-03T21:42:00-05:00","云岩寺","Yunyansi","Yunyan Monastery",,,,"宋","Song","http://n2t.net/ark:/99152/p0fp7wvjvn8","清","Qing","http://n2t.net/ark:/99152/p0fp7wvtqp9","宋至清","Song to Qing","四川省江油县","四川","四川","Sichuan","四川省","四川省","江油","县",,"County",,,,,,"江油县",,,,
"000113","Yuquan Dongyuemiao","玉泉東岳廟","玉泉东岳庙","Yuquan_Dongyuemiao","2017-04-03T21:42:00-05:00","玉泉东岳庙","Yuquan Dongyuemiao","Dongyue Temple in Yuquan",,,,"金","Jin","http://n2t.net/ark:/99152/p0fp7wvmghn","清","Qing","http://n2t.net/ark:/99152/p0fp7wvtqp9","金至清","Jin to Qing","山西省陵川县","山西","山西","Shanxi","山西省","山西省","陵川","县","Lingchuan","County","8623563","300387198","附城","镇",,"陵川县附城镇",,,,
"000114","Zetianmiao","則天廟","则天庙","Zetianmiao","2017-04-03T21:42:00-05:00","则天庙","Zetianmiao","Zetian Temple",,,,"金","Jin","http://n2t.net/ark:/99152/p0fp7wvmghn","金","Jin","http://n2t.net/ark:/99152/p0fp7wvmghn","金","Jin","山西省文水县","山西","山西","Shanxi","山西省","山西省","文水","县","Wenshui","County","8681108","300387198",,,,"文水县","northeast of Wenshui, Shanxi",,,
"000115","Zezhou Daimiao","澤州岱廟","泽州岱庙","Zezhou_Daimiao","2017-04-03T21:42:00-05:00","泽州岱庙","Zezhou Daimiao","Temple to the Eastern Peak in Zezhou",,,,"宋","Song","http://n2t.net/ark:/99152/p0fp7wvjvn8","明","Ming","http://n2t.net/ark:/99152/p0fp7wv2s8c","宋至明","Song to Ming","山西省泽州县","山西","山西","Shanxi","山西省","山西省","泽州","县","Zezhou","County","8145851","300387198",,,,"泽州县",,,,
"000116","Zhangye Dafosi","張掖大佛寺","张掖大佛寺","Zhangye_Dafosi","2017-04-03T21:42:00-05:00","张掖大佛寺","Zhangye Dafosi","Dafo Monastery in Zhangye",,,,"西夏","Xixia","http://n2t.net/ark:/99152/p0fp7wv699w","清","Qing","http://n2t.net/ark:/99152/p0fp7wvtqp9","西夏、清 ? Foundation Xixia?","Xixia to Qing","甘肃省张掖市","甘肃","甘肅","Gansu","甘肃省","甘肅省","张掖","市",,"City",,,,,,"张掖市",,,,
"000117","Zhangzi Fujunmiao","長子府君廟","长子府君庙","Zhangzi_Fujunmiao","2017-04-03T21:42:00-05:00","长子县府君庙","Zhangzi Fujunmiao","Fujun Temple in Zhangzi",,,,"宋","Song","http://n2t.net/ark:/99152/p0fp7wvjvn8","宋","Song","http://n2t.net/ark:/99152/p0fp7wv9x7n",,"Song","山西省长子县","山西","山西","Shanxi","山西省","山西省","长子","县","Zhangzi","County","8677997","300387198",,,"城第一中学院","城第一中学院",,,,
"000118","Zhaorensi","昭仁寺","昭仁寺","Zhaorensi","2017-04-03T21:42:00-05:00","昭仁寺大殿","Zhaorensi","Zhaoren Monastery",,,,"唐","Tang","http://n2t.net/ark:/99152/p0fp7wvrjpj","唐","Tang","http://n2t.net/ark:/99152/p0fp7wvrjpj","唐","Tang","陕西省长武县","陕西","陕西","Shanxi","陕西省","陕西省","长武","县",,"County",,,,,,"长武县",,,,
"000119","Zhaozewangmiao","昭澤王廟","昭泽王庙","Zhaoze_wangmiao","2017-04-03T21:42:00-05:00","昭泽王庙","Zhaoze Wangmiao","Zhaozewang Temple",,,,"金","Jin","http://n2t.net/ark:/99152/p0fp7wvmghn","金","Jin","http://n2t.net/ark:/99152/p0fp7wvmghn","金 大定 27 (1187)","Jin","山西省襄垣县","山西","山西","Shanxi","山西省","山西省","襄垣","县",,"County",,,,,,"襄垣县","大定 27 (1187)",,,
"000120","Zhengding Wenmiao","正定文廟","正定文庙","Zhengding_Wenmiao","2017-04-03T21:42:00-05:00","正定文庙大成殿","Zhengding Wenmiao","Wen Temple in Zhengding",,,,"五代","Five Dynasties","http://n2t.net/ark:/99152/p0fp7wv5h26","五代","Five Dynasties","http://n2t.net/ark:/99152/p0fp7wv5h26","五代","Five Dynasties","河北省正定县","河北","河北","Hebei","河北省","河北省","正定","县","Zhengding","County","8683355","300387198",,,,"正定县",,,,
"000121","Zhenguosi","鎮國寺","镇国寺","Zhenguosi","2017-04-03T21:42:00-05:00","镇国寺","Zhenguosi","Zhenguo Monastery",,,,"五代","Five Dynasties","http://n2t.net/ark:/99152/p0fp7wv5h26","清","Qing","http://n2t.net/ark:/99152/p0fp7wvtqp9","五代至清","Five Dynasties to Qing","山西省平遥县","山西","山西","Shanxi","山西省","山西省","平遥","县","Pingyao","County","8619493","300387198",,,,"平遥县",,1798635,8619493,
"000122","Zhenshengsi","真聖寺","真圣寺","Zhenshengsi","2017-04-03T21:42:00-05:00","真圣寺","Zhenshengsi","Zhensheng Monastery",,,,"金","Jin","http://n2t.net/ark:/99152/p0fp7wvmghn","清","Qing","http://n2t.net/ark:/99152/p0fp7wvtqp9","金至清","Jin to Qing","山西省太谷县","山西","山西","Shanxi","山西省","山西省","太谷","县",,"County",,,"范村","镇","太谷县城东40公里的范村镇蚍蜉村","太谷县: 太谷县城东40公里的范村镇蚍蜉村",,,,
"000123","Zhongping Erxiangong","中坪二仙宮","中坪二仙宫","Zhongping_Erxiangong","2017-04-03T21:42:00-05:00","中坪二仙宫","Zhongping Erxiangong","Erxian Palace in Zhongping",,,,"金","Jin","http://n2t.net/ark:/99152/p0fp7wvmghn","清","Qing","http://n2t.net/ark:/99152/p0fp7wvtqp9","金至清","Jin to Qing","山西省高平市","山西","山西","Shanxi","山西省","山西省","高平","市","Gaoping","City","8206832","300387198",,,,"高平市",,,,
